,url,name,header,guests,bedrooms,beds,bathrooms,kitchen,wifi,free-parking,rating,review,Actual_price per,Total_price
0,/rooms/18763442?adults=4&check_in=2022-07-14&check_out=2022-07-18&previous_page_section_name=1000&federated_search_id=c94d217a-b677-4eb5-ad8a-1ae594ad998f,Entire rental unit in Schwendau,Haus Julia - Apartment Edelweiß Mayrhofen,4,2,2,2,1,1,1,4.92,39,10374,47271
1,/rooms/2832898?adults=4&check_in=2022-07-14&check_out=2022-07-18&previous_page_section_name=1000&federated_search_id=c94d217a-b677-4eb5-ad8a-1ae594ad998f,Entire rental unit in Mayrhofen,Apartment Partoll Top 1,5,2,4,2,1,1,1,4.91,33,15829,71566
2,/rooms/17490440?adults=4&check_in=2022-07-14&check_out=2022-07-18&previous_page_section_name=1000&federated_search_id=c94d217a-b677-4eb5-ad8a-1ae594ad998f,Entire home in Mayrhofen,Margit (MHO786) for 5 persons.,5,1,3,1,1,1,0,5,4,6643,26570
3,/rooms/38367500?adults=4&check_in=2022-07-14&check_out=2022-07-18&previous_page_section_name=1000&federated_search_id=c94d217a-b677-4eb5-ad8a-1ae594ad998f,Entire rental unit in Mayrhofen,Apart Matthias*** - Apartment Cherry,4,2,2,2,1,1,1,4.75,4,15678,70140
4,/rooms/17486240?adults=4&check_in=2022-07-14&check_out=2022-07-18&previous_page_section_name=1000&federated_search_id=c94d217a-b677-4eb5-ad8a-1ae594ad998f,Entire rental unit in Mayrhofen,Ratschnhäusl (MHO586) for 5 persons.,5,2,3,1,1,1,0,4.67,15,9634,38535
5,/rooms/44670337?adults=4&check_in=2022-07-14&check_out=2022-07-18&previous_page_section_name=1000&federated_search_id=c94d217a-b677-4eb5-ad8a-1ae594ad998f,Entire rental unit in Mayrhofen,Apartments Mair  Apartment Markus,4,1,5,1,1,1,1,5,9,14234,56937
6,/rooms/43969622?adults=4&check_in=2022-07-14&check_out=2022-07-18&previous_page_section_name=1000&federated_search_id=c94d217a-b677-4eb5-ad8a-1ae594ad998f,Entire rental unit in Finkenberg,Apartment Schmalzl - Terrace,4,2,4,1,1,1,1,4.76,17,10533,47083
7,/rooms/38007169?adults=4&check_in=2022-07-14&check_out=2022-07-18&previous_page_section_name=1000&federated_search_id=c94d217a-b677-4eb5-ad8a-1ae594ad998f,Entire rental unit in Finkenberg,Cosy Apartment with mountain view,4,2,2,1,1,1,0,4.88,8,12446,55558
8,/rooms/24763898?adults=4&check_in=2022-07-14&check_out=2022-07-18&previous_page_section_name=1000&federated_search_id=c94d217a-b677-4eb5-ad8a-1ae594ad998f,Entire rental unit in Schwendau,House Klammtal - for 4 persons,4,2,3,1,1,1,1,5,6,9265,40773
9,/rooms/20925986?adults=4&check_in=2022-07-14&check_out=2022-07-18&previous_page_section_name=1000&federated_search_id=c94d217a-b677-4eb5-ad8a-1ae594ad998f,Entire rental unit in Mayrhofen,Also for 4 persons.,4,1,3,1,1,1,0,4.75,8,9098,36390
10,/rooms/48089810?adults=4&check_in=2022-07-14&check_out=2022-07-18&previous_page_section_name=1000&federated_search_id=c94d217a-b677-4eb5-ad8a-1ae594ad998f,Entire rental unit in Finkenberg,"Apartment 1 in Appartementhaus Zillertal near Ski Areas with Mountain View, Sauna, Wi-Fi & Parking",4,1,2,1,1,1,1,0,0,6519,32264
11,/rooms/30432912?adults=4&check_in=2022-07-14&check_out=2022-07-18&previous_page_section_name=1000&federated_search_id=c94d217a-b677-4eb5-ad8a-1ae594ad998f,Entire rental unit in Ried im Zillertal,Ferienwohnung Schartenblick Zillertal,4,2,2,2,1,1,1,4.94,50,9708,47084
12,/rooms/46991057?adults=4&check_in=2022-07-14&check_out=2022-07-18&previous_page_section_name=1000&federated_search_id=c94d217a-b677-4eb5-ad8a-1ae594ad998f,Entire rental unit in Mayrhofen,"Apartment Bergglück, Bergglück 4",4,2,3,1,1,1,1,5,3,17968,71872
13,/rooms/43838150?adults=4&check_in=2022-07-14&check_out=2022-07-18&previous_page_section_name=1000&federated_search_id=c94d217a-b677-4eb5-ad8a-1ae594ad998f,Entire rental unit in Schwendau,Haus Claudia,6,3,3,2,1,1,1,4.64,14,15218,65163
14,/rooms/44585861?adults=4&check_in=2022-07-14&check_out=2022-07-18&previous_page_section_name=1000&federated_search_id=c94d217a-b677-4eb5-ad8a-1ae594ad998f,Entire rental unit in Mayrhofen,Apartments Mair  Luxus-Gloria Apartment,5,1,6,1,1,1,1,0,0,14441,57762
15,/rooms/44439477?adults=4&check_in=2022-07-14&check_out=2022-07-18&previous_page_section_name=1000&federated_search_id=c94d217a-b677-4eb5-ad8a-1ae594ad998f,Entire rental unit in Mayrhofen,423 | penthouse appartment | zillertal,4,2,2,1,1,1,1,5,7,26655,114788
16,/rooms/50048673?adults=4&check_in=2022-07-14&check_out=2022-07-18&previous_page_section_name=1000&federated_search_id=c94d217a-b677-4eb5-ad8a-1ae594ad998f,Entire apartment in Schwendau,Zack's Mountain Traveler,4,2,2,1,1,0,0,4.75,4,12902,56971
17,/rooms/45375766?adults=4&check_in=2022-07-14&check_out=2022-07-18&previous_page_section_name=1000&federated_search_id=c94d217a-b677-4eb5-ad8a-1ae594ad998f,Entire rental unit in Zell am Ziller,Blasinghof,6,2,3,1,1,1,0,0,0,7612,36225
18,/rooms/41314912?adults=4&check_in=2022-07-14&check_out=2022-07-18&previous_page_section_name=1000&federated_search_id=c94d217a-b677-4eb5-ad8a-1ae594ad998f,Entire rental unit in Mayrhofen,Doc's Holiday Apartment,4,1,2,1,1,0,0,5,7,15212,64975
19,/rooms/15526759?adults=4&check_in=2022-07-14&check_out=2022-07-18&previous_page_section_name=1000&federated_search_id=c94d217a-b677-4eb5-ad8a-1ae594ad998f,Entire rental unit in Mayrhofen,Apartment Alora,4,1,2,1,1,1,1,4.93,84,17154,74391
20,/rooms/24763898?adults=4&check_in=2022-07-14&check_out=2022-07-18&previous_page_section_name=1000&federated_search_id=f57c586c-cc0e-4366-b999-c5d7dcd6edb3,Entire rental unit in Schwendau,House Klammtal - for 4 persons,4,2,3,1,1,1,1,5,6,9265,40773
21,/rooms/17490440?adults=4&check_in=2022-07-14&check_out=2022-07-18&previous_page_section_name=1000&federated_search_id=f57c586c-cc0e-4366-b999-c5d7dcd6edb3,Entire home in Mayrhofen,Margit (MHO786) for 5 persons.,5,1,3,1,1,1,0,5,4,6643,26570
22,/rooms/43969622?adults=4&check_in=2022-07-14&check_out=2022-07-18&previous_page_section_name=1000&federated_search_id=f57c586c-cc0e-4366-b999-c5d7dcd6edb3,Entire rental unit in Finkenberg,Apartment Schmalzl - Terrace,4,2,4,1,1,1,1,4.76,17,10533,47083
23,/rooms/46991057?adults=4&check_in=2022-07-14&check_out=2022-07-18&previous_page_section_name=1000&federated_search_id=f57c586c-cc0e-4366-b999-c5d7dcd6edb3,Entire rental unit in Mayrhofen,"Apartment Bergglück, Bergglück 4",4,2,3,1,1,1,1,5,3,17968,71872
24,/rooms/48539097?adults=4&check_in=2022-07-14&check_out=2022-07-18&previous_page_section_name=1000&federated_search_id=f57c586c-cc0e-4366-b999-c5d7dcd6edb3,Entire rental unit in Mayrhofen,"""Appartements Windschnur Zirbe 6 er"" near the Ski Areas with Wi-Fi & Balcony; Parking Available",6,2,5,1,1,1,1,4,3,16545,75420
25,/rooms/31741201?adults=4&check_in=2022-07-14&check_out=2022-07-18&previous_page_section_name=1000&federated_search_id=f57c586c-cc0e-4366-b999-c5d7dcd6edb3,Entire rental unit in Schwaz,Apart Melanie in the Zillertal/Zell am Ziller,4,2,2,1,1,1,1,4.96,25,8582,38453
26,/rooms/36807454?adults=4&check_in=2022-07-14&check_out=2022-07-18&previous_page_section_name=1000&federated_search_id=f57c586c-cc0e-4366-b999-c5d7dcd6edb3,Entire rental unit in Mayrhofen,Inviting Apartment near Ski Area in Schwendau,4,2,2,2,1,1,0,5,8,12485,49940
27,/rooms/25202024?adults=4&check_in=2022-07-14&check_out=2022-07-18&previous_page_section_name=1000&federated_search_id=f57c586c-cc0e-4366-b999-c5d7dcd6edb3,Entire rental unit in Hippach-Schwendberg,Apartment Linda,6,2,4,1,1,1,1,4.83,13,12366,55653
28,/rooms/53211586?adults=4&check_in=2022-07-14&check_out=2022-07-18&previous_page_section_name=1000&federated_search_id=f57c586c-cc0e-4366-b999-c5d7dcd6edb3,Entire rental unit in Mayrhofen,Wohnung in idealer Lage,4,2,4,1,1,1,1,4.75,8,16241,71565
29,/rooms/27947042?adults=4&check_in=2022-07-14&check_out=2022-07-18&previous_page_section_name=1000&federated_search_id=f57c586c-cc0e-4366-b999-c5d7dcd6edb3,Entire rental unit in Mayrhofen,Ratschnhof (MHO587) for 7 persons.,7,3,4,2,1,1,0,0,0,12357,49428
30,/rooms/13555575?adults=4&check_in=2022-07-14&check_out=2022-07-18&previous_page_section_name=1000&federated_search_id=f57c586c-cc0e-4366-b999-c5d7dcd6edb3,Entire home in Mayrhofen,Chalet Tirolerland - a house for yourself!,8,4,8,2,1,1,1,4.86,22,16297,73355
31,/rooms/42986861?adults=4&check_in=2022-07-14&check_out=2022-07-18&previous_page_section_name=1000&federated_search_id=f57c586c-cc0e-4366-b999-c5d7dcd6edb3,Entire rental unit in Schwendau,Zack's Mountain Top,4,2,3,1,1,0,0,5,3,16712,73450
32,/rooms/43338318?adults=4&check_in=2022-07-14&check_out=2022-07-18&previous_page_section_name=1000&federated_search_id=f57c586c-cc0e-4366-b999-c5d7dcd6edb3,Entire rental unit in Mayrhofen,Nieslerhof - apartment on the edge of the forest,4,2,4,1,1,1,1,0,0,13329,57441
33,/rooms/49076830?adults=4&check_in=2022-07-14&check_out=2022-07-18&previous_page_section_name=1000&federated_search_id=f57c586c-cc0e-4366-b999-c5d7dcd6edb3,Private room in Schwendau,Quaint living in the Melcherhof,12,6,15,2,0,0,0,4.92,25,13763,55464
34,/rooms/52236968?adults=4&check_in=2022-07-14&check_out=2022-07-18&previous_page_section_name=1000&federated_search_id=f57c586c-cc0e-4366-b999-c5d7dcd6edb3,Entire rental unit in Ramsau im Zillertal,"Apart Martin , Urlaub mitten in der Natur",7,3,4,3.5,1,1,1,4.75,4,12533,58384
35,/rooms/45375766?adults=4&check_in=2022-07-14&check_out=2022-07-18&previous_page_section_name=1000&federated_search_id=f57c586c-cc0e-4366-b999-c5d7dcd6edb3,Entire rental unit in Zell am Ziller,Blasinghof,6,2,3,1,1,1,0,0,0,7612,36225
36,/rooms/50666523?adults=4&check_in=2022-07-14&check_out=2022-07-18&previous_page_section_name=1000&federated_search_id=f57c586c-cc0e-4366-b999-c5d7dcd6edb3,Entire serviced apartment in Hainzenberg,"The Waidachhof Zillertal - Apartment ""Schafskopf""",8,3,4,1,1,1,1,4.33,3,11594,50500
37,/rooms/48089811?adults=4&check_in=2022-07-14&check_out=2022-07-18&previous_page_section_name=1000&federated_search_id=f57c586c-cc0e-4366-b999-c5d7dcd6edb3,Entire rental unit in Finkenberg,"Apartment 2 in Appartementhaus Zillertal near Ski Areas with Mountain View, Sauna, Wi-Fi & Parking",4,1,2,1,1,1,1,0,0,6519,32264
38,/rooms/608363106633522486?adults=4&check_in=2022-07-14&check_out=2022-07-18&previous_page_section_name=1000&federated_search_id=f57c586c-cc0e-4366-b999-c5d7dcd6edb3,Entire rental unit in Stans,Charmante Wohnung nähe Schwaz/Zillertal/Innsbruck,4,1,2,1,1,1,1,0,0,6027,24106
39,/rooms/36337683?adults=4&check_in=2022-07-14&check_out=2022-07-18&previous_page_section_name=1000&federated_search_id=f57c586c-cc0e-4366-b999-c5d7dcd6edb3,Entire rental unit in Rohrberg,Apartment Ines - 800 m from the ski resort,4,2,4,2.5,1,1,1,4.55,20,13203,52811
40,/rooms/21334724?adults=4&check_in=2022-07-14&check_out=2022-07-18&previous_page_section_name=1000&federated_search_id=1807da9e-4895-419d-9aae-e68a7e5f3dd2,Entire home in Finkenberg,The House of Niederegger,4,2,4,1.5,1,1,1,0,0,8244,37102
41,/rooms/46638678?adults=4&check_in=2022-07-14&check_out=2022-07-18&previous_page_section_name=1000&federated_search_id=1807da9e-4895-419d-9aae-e68a7e5f3dd2,Entire rental unit in Gerlosberg,Scenic Apartment in Zell am Ziller-Gerlosberg with Garden,5,2,3,3,1,1,0,5,5,8747,43239
42,/rooms/43961457?adults=4&check_in=2022-07-14&check_out=2022-07-18&previous_page_section_name=1000&federated_search_id=1807da9e-4895-419d-9aae-e68a7e5f3dd2,Entire rental unit in Finkenberg,Apartment Schmalzl - Balcony,6,2,5,1,1,1,1,4.73,26,11004,48967
43,/rooms/36807451?adults=4&check_in=2022-07-14&check_out=2022-07-18&previous_page_section_name=1000&federated_search_id=1807da9e-4895-419d-9aae-e68a7e5f3dd2,Entire rental unit in Schwendau,Modern Apartment in Schwendau with Garden,5,2,3,2,1,1,0,4.67,6,13846,55385
44,/rooms/51394541?adults=4&check_in=2022-07-14&check_out=2022-07-18&previous_page_section_name=1000&federated_search_id=1807da9e-4895-419d-9aae-e68a7e5f3dd2,Entire rental unit in Laimach,"""App 5 persons"" in the Apartment House Alpenjuwel near Ski Resorts with Wi-Fi, Balcony & Parking",5,1,3,1,1,1,1,0,0,7633,37710
45,/rooms/53056187?adults=4&check_in=2022-07-14&check_out=2022-07-18&previous_page_section_name=1000&federated_search_id=1807da9e-4895-419d-9aae-e68a7e5f3dd2,Private room in Schwendau,Quaint living at the Melcherhof,4,1,4,2,0,0,0,0,0,11315,45671
46,/rooms/53349437?adults=4&check_in=2022-07-14&check_out=2022-07-18&previous_page_section_name=1000&federated_search_id=1807da9e-4895-419d-9aae-e68a7e5f3dd2,Entire rental unit in Laimach,Apartment Rohrmoser,4,2,2,1,1,1,0,0,0,8768,40846
47,/rooms/29298572?adults=4&check_in=2022-07-14&check_out=2022-07-18&previous_page_section_name=1000&federated_search_id=1807da9e-4895-419d-9aae-e68a7e5f3dd2,Entire rental unit in Mayrhofen,Haus Holaus großes Appartement,5,2,0,1,1,1,1,0,0,11475,50850
48,/rooms/39723902?adults=4&check_in=2022-07-14&check_out=2022-07-18&previous_page_section_name=1000&federated_search_id=1807da9e-4895-419d-9aae-e68a7e5f3dd2,Entire rental unit in Finkenberg,Astegger Talhof,10,5,7,5,1,1,1,4.81,16,22775,96049
49,/rooms/28962283?adults=4&check_in=2022-07-14&check_out=2022-07-18&previous_page_section_name=1000&federated_search_id=1807da9e-4895-419d-9aae-e68a7e5f3dd2,Private room in Kaltenbach,Zillertalblick,4,2,2,1,1,1,1,4.95,58,10472,45105
50,/rooms/13584823?adults=4&check_in=2022-07-14&check_out=2022-07-18&previous_page_section_name=1000&federated_search_id=1807da9e-4895-419d-9aae-e68a7e5f3dd2,Entire home in Mayrhofen,Vacation rental Nieslerhof,8,3,0,0,0,0,0,4.88,17,15355,69589
51,/rooms/48188935?adults=4&check_in=2022-07-14&check_out=2022-07-18&previous_page_section_name=1000&federated_search_id=1807da9e-4895-419d-9aae-e68a7e5f3dd2,Entire rental unit in Schwaz,Apartment in Mayrhofen with a balcony,6,3,3,2,1,1,0,0,0,13413,53653
52,/rooms/14783889?adults=4&check_in=2022-07-14&check_out=2022-07-18&previous_page_section_name=1000&federated_search_id=1807da9e-4895-419d-9aae-e68a7e5f3dd2,Entire rental unit in Mayrhofen ,Ferienwohnung HOF NEUHAUS,4,2,2,2,1,1,1,5,5,10816,48213
53,/rooms/600391189818835087?adults=4&check_in=2022-07-14&check_out=2022-07-18&previous_page_section_name=1000&federated_search_id=1807da9e-4895-419d-9aae-e68a7e5f3dd2,Entire holiday home in Tux,Genuss.Haus.Fankhauser,4,2,2,1,1,1,1,0,0,14028,61887
54,/rooms/14619192?adults=4&check_in=2022-07-14&check_out=2022-07-18&previous_page_section_name=1000&federated_search_id=1807da9e-4895-419d-9aae-e68a7e5f3dd2,Entire rental unit in Hainzenberg,Cozy Apartment in Calm Surroundings,4,2,3,1,1,1,1,4.5,3,8606,38137
55,/rooms/48339346?adults=4&check_in=2022-07-14&check_out=2022-07-18&previous_page_section_name=1000&federated_search_id=1807da9e-4895-419d-9aae-e68a7e5f3dd2,Entire rental unit in Laimach,"""App 2-4 Persons"" in the Apartment House Alpenjuwel near several Ski Resorts with Wi-Fi & Parking",4,1,2,1,1,1,1,0,0,6519,31191
56,/rooms/22134628?adults=4&check_in=2022-07-14&check_out=2022-07-18&previous_page_section_name=1000&federated_search_id=1807da9e-4895-419d-9aae-e68a7e5f3dd2,Entire rental unit in Mayrhofen,Mountain chalet,6,3,4,1,1,1,1,4.79,128,26555,106220
57,/rooms/39850658?adults=4&check_in=2022-07-14&check_out=2022-07-18&previous_page_section_name=1000&federated_search_id=1807da9e-4895-419d-9aae-e68a7e5f3dd2,Entire rental unit in Laimach,Luxury apartment  Zillertal,6,2,3,1.5,1,1,1,4.94,17,17096,72508
58,/rooms/37379678?adults=4&check_in=2022-07-14&check_out=2022-07-18&previous_page_section_name=1000&federated_search_id=1807da9e-4895-419d-9aae-e68a7e5f3dd2,Entire rental unit in Kaltenbach,Luxner (KAB130) for 5 persons.,5,2,4,1,1,1,0,5,4,9345,37380
59,/rooms/26600037?adults=4&check_in=2022-07-14&check_out=2022-07-18&previous_page_section_name=1000&federated_search_id=1807da9e-4895-419d-9aae-e68a7e5f3dd2,Private room in Gerlosberg,"Chalet ""Daheim""",4,1,4,1,1,1,0,4.94,20,7614,35406
60,/rooms/37379678?adults=4&check_in=2022-07-14&check_out=2022-07-18&previous_page_section_name=1000&federated_search_id=97bb10df-5918-4e9c-81be-9f5b44e21759,Entire rental unit in Kaltenbach,Luxner (KAB130) for 5 persons.,5,2,4,1,1,1,0,5,4,9345,37380
61,/rooms/51051744?adults=4&check_in=2022-07-14&check_out=2022-07-18&previous_page_section_name=1000&federated_search_id=97bb10df-5918-4e9c-81be-9f5b44e21759,Entire serviced apartment in Mayrhofen,Deluxe Appartement 44m² im Apparthotel Veronika,4,1,0,1,1,1,1,0,0,34276,137105
62,/rooms/14783889?adults=4&check_in=2022-07-14&check_out=2022-07-18&previous_page_section_name=1000&federated_search_id=97bb10df-5918-4e9c-81be-9f5b44e21759,Entire rental unit in Mayrhofen ,Ferienwohnung HOF NEUHAUS,4,2,2,2,1,1,1,5,5,10816,48213
63,/rooms/51203452?adults=4&check_in=2022-07-14&check_out=2022-07-18&previous_page_section_name=1000&federated_search_id=97bb10df-5918-4e9c-81be-9f5b44e21759,Entire serviced apartment in Hainzenberg,"The Waidachhof Zillertal - apartment ""Kreuzjoch""",4,2,2,2,1,1,1,0,0,12951,55105
64,/rooms/54188695?adults=4&check_in=2022-07-14&check_out=2022-07-18&previous_page_section_name=1000&federated_search_id=97bb10df-5918-4e9c-81be-9f5b44e21759,Entire rental unit in Stumm,Bonapart Zillertal TOP 1,6,2,4,1,1,1,1,5,4,13038,52151
65,/rooms/41810805?adults=4&check_in=2022-07-14&check_out=2022-07-18&previous_page_section_name=1000&federated_search_id=97bb10df-5918-4e9c-81be-9f5b44e21759,Entire apartment in Tux,Apartment Lisa - Apartment with beautiful panorama,5,1,0,1.5,1,1,1,5,17,12295,55370
66,/rooms/52976563?adults=4&check_in=2022-07-14&check_out=2022-07-18&previous_page_section_name=1000&federated_search_id=97bb10df-5918-4e9c-81be-9f5b44e21759,Private room in Schwendau,Quaint living in the Melcherhof,4,1,4,2,0,0,0,0,0,11315,45671
67,/rooms/53930525?adults=4&check_in=2022-07-14&check_out=2022-07-18&previous_page_section_name=1000&federated_search_id=97bb10df-5918-4e9c-81be-9f5b44e21759,Entire holiday home in Hart im Zillertal,Perfect Lodgings / Panorama Penthouse,6,2,2,3,1,1,1,5,3,24693,108675
68,/rooms/36333363?adults=4&check_in=2022-07-14&check_out=2022-07-18&previous_page_section_name=1000&federated_search_id=97bb10df-5918-4e9c-81be-9f5b44e21759,Entire rental unit in Rohrberg,Ferienwohnung Manuel - 800 Meter vom Skigebiet,5,2,5,1,1,1,1,4.63,8,13698,54791
69,/rooms/48178249?adults=4&check_in=2022-07-14&check_out=2022-07-18&previous_page_section_name=1000&federated_search_id=97bb10df-5918-4e9c-81be-9f5b44e21759,Entire rental unit in Fügen,Apartment in Fügen with a shared wellness,4,2,3,2,1,1,0,0,0,7872,31488
70,/rooms/18324104?adults=4&check_in=2022-07-14&check_out=2022-07-18&previous_page_section_name=1000&federated_search_id=97bb10df-5918-4e9c-81be-9f5b44e21759,Entire home in Finkenberg,Holiday home Traudl,8,4,8,1.5,1,1,1,4.96,52,19095,83808
71,/rooms/35252177?adults=4&check_in=2022-07-14&check_out=2022-07-18&previous_page_section_name=1000&federated_search_id=97bb10df-5918-4e9c-81be-9f5b44e21759,Entire rental unit in Hippach,"Fantastic Apartment with Terrace, Mountain View & Wi-Fi; Parking Available",6,2,3,2,1,1,1,0,0,12233,58669
72,/rooms/51008374?adults=4&check_in=2022-07-14&check_out=2022-07-18&previous_page_section_name=1000&federated_search_id=97bb10df-5918-4e9c-81be-9f5b44e21759,Entire rental unit in Hippach,APARTMENT with stunning views over the Zillertal,4,1,4,1,1,1,1,0,0,12322,54240
73,/rooms/37789112?adults=4&check_in=2022-07-14&check_out=2022-07-18&previous_page_section_name=1000&federated_search_id=97bb10df-5918-4e9c-81be-9f5b44e21759,Entire rental unit in Fügen,Holiday cottages in the Zillertal (weekly discount 20%),7,3,6,1,1,0,0,4,9,6024,30697
74,/rooms/15167886?adults=4&check_in=2022-07-14&check_out=2022-07-18&previous_page_section_name=1000&federated_search_id=97bb10df-5918-4e9c-81be-9f5b44e21759,Entire rental unit in Hippach-Schwendberg,Apartment Eberharter,6,3,3,3,1,1,1,4.67,6,12619,55841
75,/rooms/599095515503656397?adults=4&check_in=2022-07-14&check_out=2022-07-18&previous_page_section_name=1000&federated_search_id=97bb10df-5918-4e9c-81be-9f5b44e21759,Entire rental unit in Aschau im Zillertal,Inviting apartment in Aschau with balcony,8,4,7,2,1,0,0,0,0,13987,55947
76,/rooms/16161097?adults=4&check_in=2022-07-14&check_out=2022-07-18&previous_page_section_name=1000&federated_search_id=97bb10df-5918-4e9c-81be-9f5b44e21759,Entire rental unit in Aschau im Zillertal,Alpina for 4 persons.,4,1,2,1,1,1,0,4.57,23,8933,35730
77,/rooms/53025075?adults=4&check_in=2022-07-14&check_out=2022-07-18&previous_page_section_name=1000&federated_search_id=97bb10df-5918-4e9c-81be-9f5b44e21759,Private room in Schwendau,Quaint living at the Melcherhof,4,1,4,2,0,0,0,0,0,11315,45671
78,/rooms/554153083857021463?adults=4&check_in=2022-07-14&check_out=2022-07-18&previous_page_section_name=1000&federated_search_id=97bb10df-5918-4e9c-81be-9f5b44e21759,Entire rental unit in Ried im Zillertal,Apart Painting,5,2,5,1,1,1,1,0,0,20774,83094
79,/rooms/16241393?adults=4&check_in=2022-07-14&check_out=2022-07-18&previous_page_section_name=1000&federated_search_id=97bb10df-5918-4e9c-81be-9f5b44e21759,Entire rental unit in Schwendau,Luxury Appartement-Black Eagle HOME,7,2,2,1,1,1,1,4.93,14,32140,140856
80,/rooms/54059467?adults=4&check_in=2022-07-14&check_out=2022-07-18&previous_page_section_name=1000&federated_search_id=32a17025-f801-4b6d-8c60-67ba660c2fc4,Entire rental unit in Hippach-Schwendberg,"Apartment in the Alpine Chalet Bergprinzessin with Mountain View, Wi-Fi, Garden, Terrace & Balcony",4,2,3,1,1,1,1,0,0,21393,95802
81,/rooms/37789112?adults=4&check_in=2022-07-14&check_out=2022-07-18&previous_page_section_name=1000&federated_search_id=32a17025-f801-4b6d-8c60-67ba660c2fc4,Entire rental unit in Fügen,Holiday cottages in the Zillertal (weekly discount 20%),7,3,6,1,1,0,0,4,9,6024,30697
82,/rooms/606821104993227922?adults=4&check_in=2022-07-14&check_out=2022-07-18&previous_page_section_name=1000&federated_search_id=32a17025-f801-4b6d-8c60-67ba660c2fc4,Entire rental unit in Stumm,"""Apartmenthaus Zentral 8er App"" near the Ski Area with Mountain View, Wi-Fi, Balcony & Parking",8,2,4,1,1,1,1,0,0,11717,56111
83,/rooms/48178249?adults=4&check_in=2022-07-14&check_out=2022-07-18&previous_page_section_name=1000&federated_search_id=32a17025-f801-4b6d-8c60-67ba660c2fc4,Entire rental unit in Fügen,Apartment in Fügen with a shared wellness,4,2,3,2,1,1,0,0,0,7872,31488
84,/rooms/16241393?adults=4&check_in=2022-07-14&check_out=2022-07-18&previous_page_section_name=1000&federated_search_id=32a17025-f801-4b6d-8c60-67ba660c2fc4,Entire rental unit in Schwendau,Luxury Appartement-Black Eagle HOME,7,2,2,1,1,1,1,4.93,14,32140,140856
85,/rooms/599095515503656397?adults=4&check_in=2022-07-14&check_out=2022-07-18&previous_page_section_name=1000&federated_search_id=32a17025-f801-4b6d-8c60-67ba660c2fc4,Entire rental unit in Aschau im Zillertal,Inviting apartment in Aschau with balcony,8,4,7,2,1,0,0,0,0,13987,55947
86,/rooms/50752118?adults=4&check_in=2022-07-14&check_out=2022-07-18&previous_page_section_name=1000&federated_search_id=32a17025-f801-4b6d-8c60-67ba660c2fc4,Shared room in Schwendau,"Melcherhof,
rustikale Hütte kurz vor Mayrhofen",5,1,5,2,0,0,0,0,0,20717,82867
87,/rooms/50779941?adults=4&check_in=2022-07-14&check_out=2022-07-18&previous_page_section_name=1000&federated_search_id=32a17025-f801-4b6d-8c60-67ba660c2fc4,Entire serviced apartment in Hart im Zillertal,Seven Reasons / Panorama View 21,4,1,0,1,1,1,1,5,18,16194,71790
88,/rooms/23270806?adults=4&check_in=2022-07-14&check_out=2022-07-18&previous_page_section_name=1000&federated_search_id=32a17025-f801-4b6d-8c60-67ba660c2fc4,Entire home in Stumm,Apartment MüLLNERHAUS Silent in the Zillertal,6,3,5,2.5,1,1,1,5,3,16858,78158
89,/rooms/26627357?adults=4&check_in=2022-07-14&check_out=2022-07-18&previous_page_section_name=1000&federated_search_id=32a17025-f801-4b6d-8c60-67ba660c2fc4,Entire rental unit in Stummerberg,Apartment Retro 50m² in Old Mountain Farmhouse,4,2,5,1,1,0,0,4.93,75,9200,41338
90,/rooms/50276571?adults=4&check_in=2022-07-14&check_out=2022-07-18&previous_page_section_name=1000&federated_search_id=32a17025-f801-4b6d-8c60-67ba660c2fc4,Entire rental unit in Finkenberg,Apart Sport Stock Grünberg,4,1,0,1.5,1,1,1,0,0,20450,87574
91,/rooms/50016761?adults=4&check_in=2022-07-14&check_out=2022-07-18&previous_page_section_name=1000&federated_search_id=32a17025-f801-4b6d-8c60-67ba660c2fc4,Entire rental unit in Hart im Zillertal,Grand Alpin Panorama Lodge / Top 3,4,1,0,1.5,1,1,1,4.88,33,16070,70882
92,/rooms/53931579?adults=4&check_in=2022-07-14&check_out=2022-07-18&previous_page_section_name=1000&federated_search_id=32a17025-f801-4b6d-8c60-67ba660c2fc4,Entire holiday home in Hart im Zillertal,Perfect Lodgings / Panorama 12,4,1,0,1,1,1,1,4.88,8,17143,76410
93,/rooms/13982538?adults=4&check_in=2022-07-14&check_out=2022-07-18&previous_page_section_name=1000&federated_search_id=32a17025-f801-4b6d-8c60-67ba660c2fc4,Entire apartment in Mayrhofen,Royal Waldfeld,4,1,0,1.5,1,1,1,5,16,29577,125319
94,/rooms/49897825?adults=4&check_in=2022-07-14&check_out=2022-07-18&previous_page_section_name=1000&federated_search_id=32a17025-f801-4b6d-8c60-67ba660c2fc4,Entire loft in Schwaz,Top apartment  near the center (walking distance),5,1,3,1,1,1,1,4.95,20,12031,52168
95,/rooms/546722?adults=4&check_in=2022-07-14&check_out=2022-07-18&previous_page_section_name=1000&federated_search_id=32a17025-f801-4b6d-8c60-67ba660c2fc4,Private room in Ramsau im Zillertal,Book business trips now ! Room Love!,4,1,4,1.5,1,1,1,4.8,263,16950,67800
96,/rooms/14508695?adults=4&check_in=2022-07-14&check_out=2022-07-18&previous_page_section_name=1000&federated_search_id=32a17025-f801-4b6d-8c60-67ba660c2fc4,Entire rental unit in Tux,Lovely 2 bedroom apartment in the mountains!,6,2,6,1,1,1,1,5,5,27436,114694
97,/rooms/26790211?adults=4&check_in=2022-07-14&check_out=2022-07-18&previous_page_section_name=1000&federated_search_id=32a17025-f801-4b6d-8c60-67ba660c2fc4,Entire serviced apartment in Tux,Appartament mit eigenem Eingang im Pension ZumSepp,6,2,2,2,0,0,0,4.74,31,16999,72037
98,/rooms/31051540?adults=4&check_in=2022-07-14&check_out=2022-07-18&previous_page_section_name=1000&federated_search_id=32a17025-f801-4b6d-8c60-67ba660c2fc4,Entire serviced apartment in Mayrhofen,SISSI SUITES | luxury apartments | 4 Personen,4,2,4,2,0,0,0,0,0,45953,183813
99,/rooms/53779801?adults=4&check_in=2022-07-14&check_out=2022-07-18&previous_page_section_name=1000&federated_search_id=32a17025-f801-4b6d-8c60-67ba660c2fc4,Entire rental unit in Hart im Zillertal,Apart-Pankrazblick,4,1,0,0,0,0,0,0,0,15629,69117
100,/rooms/51758132?adults=4&check_in=2022-07-14&check_out=2022-07-18&previous_page_section_name=1000&federated_search_id=b469c927-2d73-431a-9670-a14ed515bd2c,Entire rental unit in Stummerberg,"Holiday Apartment ""Steffl"" with Panorama Mountain View & Terrace",6,2,4,1,1,0,0,0,0,11717,53058
101,/rooms/42262154?adults=4&check_in=2022-07-14&check_out=2022-07-18&previous_page_section_name=1000&federated_search_id=b469c927-2d73-431a-9670-a14ed515bd2c,Private room in Alpbach,Apartment 2-5,4,2,3,2,1,1,1,4.88,25,14028,56111
102,/rooms/48457500?adults=4&check_in=2022-07-14&check_out=2022-07-18&previous_page_section_name=1000&federated_search_id=b469c927-2d73-431a-9670-a14ed515bd2c,Entire home in Uderns,Holiday house dream with terrace and hot tub,8,3,3,3,1,1,1,0,0,24012,129056
103,/rooms/16161097?adults=4&check_in=2022-07-14&check_out=2022-07-18&previous_page_section_name=1000&federated_search_id=b469c927-2d73-431a-9670-a14ed515bd2c,Entire rental unit in Aschau im Zillertal,Alpina for 4 persons.,4,1,2,1,1,1,0,4.57,23,8933,35730
104,/rooms/53350277?adults=4&check_in=2022-07-14&check_out=2022-07-18&previous_page_section_name=1000&federated_search_id=b469c927-2d73-431a-9670-a14ed515bd2c,Entire rental unit in Fügenberg,Hochfügenblick - Ski and Hiking Cottage,6,1,4,1,1,1,0,0,0,11202,49923
105,/rooms/50858838?adults=4&check_in=2022-07-14&check_out=2022-07-18&previous_page_section_name=1000&federated_search_id=b469c927-2d73-431a-9670-a14ed515bd2c,Entire rental unit in Tux,Ferinenwohnungen Kirchler,5,2,3,1,1,1,1,0,0,12625,55534
106,/rooms/39963977?adults=4&check_in=2022-07-14&check_out=2022-07-18&previous_page_section_name=1000&federated_search_id=b469c927-2d73-431a-9670-a14ed515bd2c,Entire rental unit in Schwaz,Bright mansard apartment in a listed house,6,2,4,1.5,1,1,1,4.76,64,9548,41904
107,/rooms/36805418?adults=4&check_in=2022-07-14&check_out=2022-07-18&previous_page_section_name=1000&federated_search_id=b469c927-2d73-431a-9670-a14ed515bd2c,Entire rental unit in Fügenberg,Modern Apartment in Fügenberg with Garden,8,3,5,2,1,1,0,4.88,8,12625,50501
108,/rooms/53928282?adults=4&check_in=2022-07-14&check_out=2022-07-18&previous_page_section_name=1000&federated_search_id=b469c927-2d73-431a-9670-a14ed515bd2c,Entire rental unit in Hart im Zillertal,Perfect Lodgings / Panorama 11,4,1,0,1,1,1,1,5,7,17164,76493
109,/rooms/17949847?adults=4&check_in=2022-07-14&check_out=2022-07-18&previous_page_section_name=1000&federated_search_id=b469c927-2d73-431a-9670-a14ed515bd2c,Entire rental unit in Hart im Zillertal,Ferienwohnung 90m² für 4-7 Pers. (Zillertalblick),7,3,7,1,1,1,1,4.8,5,7824,39549
110,/rooms/44390334?adults=4&check_in=2022-07-14&check_out=2022-07-18&previous_page_section_name=1000&federated_search_id=b469c927-2d73-431a-9670-a14ed515bd2c,Entire rental unit in Hart im Zillertal,Alluring Apartment in Hart im Zillertal with Parking,9,3,6,3,1,1,0,5,5,24326,113807
111,/rooms/23213253?adults=4&check_in=2022-07-14&check_out=2022-07-18&previous_page_section_name=1000&federated_search_id=b469c927-2d73-431a-9670-a14ed515bd2c,Entire rental unit in Buch,Quiet apartment in Tirol,4,1,6,1,1,1,1,4.83,75,11902,51320
112,/rooms/50202421?adults=4&check_in=2022-07-14&check_out=2022-07-18&previous_page_section_name=1000&federated_search_id=b469c927-2d73-431a-9670-a14ed515bd2c,Entire rental unit in Finkenberg,Apart Sport-Stock Ahorn,4,1,0,1.5,1,1,1,0,0,20450,87574
113,/rooms/14211379?adults=4&check_in=2022-07-14&check_out=2022-07-18&previous_page_section_name=1000&federated_search_id=b469c927-2d73-431a-9670-a14ed515bd2c,Entire rental unit in Laimach,Apartment Haberl - apartment maple summer,12,5,12,3,1,1,1,4.8,10,14125,56500
114,/rooms/52734893?adults=4&check_in=2022-07-14&check_out=2022-07-18&previous_page_section_name=1000&federated_search_id=b469c927-2d73-431a-9670-a14ed515bd2c,Entire rental unit in Hart im Zillertal,Lovely apartment with a view,6,2,2,2,1,1,1,0,0,13858,61209
115,/rooms/46545046?adults=4&check_in=2022-07-14&check_out=2022-07-18&previous_page_section_name=1000&federated_search_id=b469c927-2d73-431a-9670-a14ed515bd2c,Entire rental unit in Hippach-Schwendberg,Holiday apartment Kirchler,6,2,6,1,1,1,1,0,0,15488,68553
116,/rooms/34238753?adults=4&check_in=2022-07-14&check_out=2022-07-18&previous_page_section_name=1000&federated_search_id=b469c927-2d73-431a-9670-a14ed515bd2c,Entire rental unit in Gerlosberg,House Kröll Elisabeth,7,3,5,1,1,1,1,4.83,6,13416,60265
117,/rooms/40245016?adults=4&check_in=2022-07-14&check_out=2022-07-18&previous_page_section_name=1000&federated_search_id=b469c927-2d73-431a-9670-a14ed515bd2c,Entire rental unit in Fügen,"Cozy Apartment in Fügen with Balcony, Garden, Grill, Heating",4,2,3,1,1,1,0,4.6,5,7262,33172
118,/rooms/36805421?adults=4&check_in=2022-07-14&check_out=2022-07-18&previous_page_section_name=1000&federated_search_id=b469c927-2d73-431a-9670-a14ed515bd2c,Entire rental unit in Hart im Zillertal,Cozy Apartment in Hart im Zillertal near Ski Area,4,1,2,1,1,1,0,3.5,5,8450,33799
119,/rooms/24154173?adults=4&check_in=2022-07-14&check_out=2022-07-18&previous_page_section_name=1000&federated_search_id=b469c927-2d73-431a-9670-a14ed515bd2c,Entire rental unit in Kolsassberg,Ninas Residenzal am Kolsassberg,4,1,2,1.5,1,1,1,4.57,16,9845,43505
120,/rooms/52896520?adults=4&check_in=2022-07-14&check_out=2022-07-18&previous_page_section_name=1000&federated_search_id=7f3b306f-bc7c-418a-95e6-f2805508b1f2,Entire chalet in Zell am Ziller,Villa mit Charm,8,3,8,2,1,1,1,0,0,34410,137638
121,/rooms/23636170?adults=4&check_in=2022-07-14&check_out=2022-07-18&previous_page_section_name=1000&federated_search_id=7f3b306f-bc7c-418a-95e6-f2805508b1f2,Entire home in Neu-Terfens,"Holiday home ""Zeitlos""",7,3,4,3,1,1,1,4.95,59,17683,78158
122,/rooms/24154173?adults=4&check_in=2022-07-14&check_out=2022-07-18&previous_page_section_name=1000&federated_search_id=7f3b306f-bc7c-418a-95e6-f2805508b1f2,Entire rental unit in Kolsassberg,Ninas Residenzal am Kolsassberg,4,1,2,1.5,1,1,1,4.57,16,9845,43505
123,/rooms/599089276602131954?adults=4&check_in=2022-07-14&check_out=2022-07-18&previous_page_section_name=1000&federated_search_id=7f3b306f-bc7c-418a-95e6-f2805508b1f2,Entire rental unit in Schwaz,Wooden apartment in Hart with terrace,10,3,7,1,1,1,0,0,0,14482,57927
124,/rooms/558441377594820039?adults=4&check_in=2022-07-14&check_out=2022-07-18&previous_page_section_name=1000&federated_search_id=7f3b306f-bc7c-418a-95e6-f2805508b1f2,Entire rental unit in Kaltenbach,Ferienwohnung Hannes in Kaltenbach,6,2,6,1,1,1,1,0,0,15699,62795
125,/rooms/36805421?adults=4&check_in=2022-07-14&check_out=2022-07-18&previous_page_section_name=1000&federated_search_id=7f3b306f-bc7c-418a-95e6-f2805508b1f2,Entire rental unit in Hart im Zillertal,Cozy Apartment in Hart im Zillertal near Ski Area,4,1,2,1,1,1,0,3.5,5,8450,33799
126,/rooms/14210812?adults=4&check_in=2022-07-14&check_out=2022-07-18&previous_page_section_name=1000&federated_search_id=7f3b306f-bc7c-418a-95e6-f2805508b1f2,Entire rental unit in Laimach,Apartment Haberl - apartment pasture summer,10,3,10,3,1,1,1,5,5,14125,56500
127,/rooms/53928282?adults=4&check_in=2022-07-14&check_out=2022-07-18&previous_page_section_name=1000&federated_search_id=7f3b306f-bc7c-418a-95e6-f2805508b1f2,Entire rental unit in Hart im Zillertal,Perfect Lodgings / Panorama 11,4,1,0,1,1,1,1,5,7,17164,76493
128,/rooms/38290005?adults=4&check_in=2022-07-14&check_out=2022-07-18&previous_page_section_name=1000&federated_search_id=7f3b306f-bc7c-418a-95e6-f2805508b1f2,Private room in Hainzenberg,Haus Schweiber,10,5,7,2,0,0,1,5,5,20246,80982
129,/rooms/45980268?adults=4&check_in=2022-07-14&check_out=2022-07-18&previous_page_section_name=1000&federated_search_id=7f3b306f-bc7c-418a-95e6-f2805508b1f2,Private room in Fügen,Room for 4 with breakfast  in the heart of Fügen,4,2,0,1,0,0,0,4.78,9,15067,60266
130,/rooms/27269294?adults=4&check_in=2022-07-14&check_out=2022-07-18&previous_page_section_name=1000&federated_search_id=7f3b306f-bc7c-418a-95e6-f2805508b1f2,Entire rental unit in Finkenberg,Apartment Anna with view,6,3,6,1,1,1,1,4.67,3,15358,69684
131,/rooms/599156154011345944?adults=4&check_in=2022-07-14&check_out=2022-07-18&previous_page_section_name=1000&federated_search_id=7f3b306f-bc7c-418a-95e6-f2805508b1f2,Entire rental unit in Stumm,Pleasant apartment in Stumm with garden,6,2,4,1,1,0,0,0,0,11862,47447
132,/rooms/599771622159061658?adults=4&check_in=2022-07-14&check_out=2022-07-18&previous_page_section_name=1000&federated_search_id=7f3b306f-bc7c-418a-95e6-f2805508b1f2,Entire rental unit in Hart im Zillertal,Grand Alpin Panorama Lodge / Top 4,4,2,2,1,1,1,1,0,0,16112,71047
133,/rooms/38060033?adults=4&check_in=2022-07-14&check_out=2022-07-18&previous_page_section_name=1000&federated_search_id=7f3b306f-bc7c-418a-95e6-f2805508b1f2,Entire home in Tux,Cottage Martlerhof,12,6,12,4,1,1,1,0,0,22949,101699
134,/rooms/29931397?adults=4&check_in=2022-07-14&check_out=2022-07-18&previous_page_section_name=1000&federated_search_id=7f3b306f-bc7c-418a-95e6-f2805508b1f2,Entire rental unit in Schwaz,Große Schorpenhof holiday apartment,10,4,7,3.5,1,1,0,5,8,28541,122416
135,/rooms/19612213?adults=4&check_in=2022-07-14&check_out=2022-07-18&previous_page_section_name=1000&federated_search_id=7f3b306f-bc7c-418a-95e6-f2805508b1f2,Entire home in Hippach-Schwendberg,Lenzelerhof - cozy farmhouse high up on a mountain,14,7,14,3,1,0,0,4.92,13,61645,258957
136,/rooms/38484835?adults=4&check_in=2022-07-14&check_out=2022-07-18&previous_page_section_name=1000&federated_search_id=7f3b306f-bc7c-418a-95e6-f2805508b1f2,Entire rental unit in Schwaz,Apartment Theresa,6,2,2,1.5,1,0,0,5,6,19008,80982
137,/rooms/9663136?adults=4&check_in=2022-07-14&check_out=2022-07-18&previous_page_section_name=1000&federated_search_id=7f3b306f-bc7c-418a-95e6-f2805508b1f2,Hut in Kaltenbach,Alpine chalet high-end valley with heart,7,2,7,1,1,0,0,5,6,21299,101699
138,/rooms/23213253?adults=4&check_in=2022-07-14&check_out=2022-07-18&previous_page_section_name=1000&federated_search_id=7f3b306f-bc7c-418a-95e6-f2805508b1f2,Entire rental unit in Buch,Quiet apartment in Tirol,4,1,6,1,1,1,1,4.83,75,11902,51320
139,/rooms/44671440?adults=4&check_in=2022-07-14&check_out=2022-07-18&previous_page_section_name=1000&federated_search_id=7f3b306f-bc7c-418a-95e6-f2805508b1f2,Entire rental unit in Buch,Accommodation for rest and tranquility!,5,1,0,1,1,1,1,4.5,4,8562,36725
140,/rooms/40739738?adults=4&check_in=2022-07-14&check_out=2022-07-18&previous_page_section_name=1000&federated_search_id=072e571c-3107-47cd-89a6-444d3cd1402c,Entire rental unit in Fügen,TheView Apartments Zillertal Hamberg-View,5,2,3,1,1,1,1,5,6,18357,81266
141,/rooms/53931816?adults=4&check_in=2022-07-14&check_out=2022-07-18&previous_page_section_name=1000&federated_search_id=072e571c-3107-47cd-89a6-444d3cd1402c,Entire rental unit in Hart im Zillertal,Perfect Lodgings / Panorama 22,4,1,0,1,1,1,1,5,4,19288,84992
142,/rooms/52734893?adults=4&check_in=2022-07-14&check_out=2022-07-18&previous_page_section_name=1000&federated_search_id=072e571c-3107-47cd-89a6-444d3cd1402c,Entire rental unit in Hart im Zillertal,Lovely apartment with a view,6,2,2,2,1,1,1,0,0,13858,61209
143,/rooms/16105711?adults=4&check_in=2022-07-14&check_out=2022-07-18&previous_page_section_name=1000&federated_search_id=072e571c-3107-47cd-89a6-444d3cd1402c,Private room in Mayrhofen,Maple Lodge - Grünberg,6,2,4,1,1,1,1,0,0,34118,142662
144,/rooms/22875109?adults=4&check_in=2022-07-14&check_out=2022-07-18&previous_page_section_name=1000&federated_search_id=072e571c-3107-47cd-89a6-444d3cd1402c,Entire serviced apartment in Aschau im Zillertal,Apartment Reinhilde Hauser Apartment Viktoria,6,3,3,2.5,1,1,1,4.5,3,24920,112058
145,/rooms/15797390?adults=4&check_in=2022-07-14&check_out=2022-07-18&previous_page_section_name=1000&federated_search_id=072e571c-3107-47cd-89a6-444d3cd1402c,Entire serviced apartment in Aschau im Zillertal,Ferienwohnung Reinhilde Hauser Apartment Josef,4,1,2,1,1,1,1,4.7,10,20066,88517
146,/rooms/3575086?adults=4&check_in=2022-07-14&check_out=2022-07-18&previous_page_section_name=1000&federated_search_id=072e571c-3107-47cd-89a6-444d3cd1402c,Entire rental unit in Zell am Ziller,Zell am Ziller / Zillertal Arena,7,2,5,1,1,1,1,4.5,9,14358,64033
147,/rooms/50023509?adults=4&check_in=2022-07-14&check_out=2022-07-18&previous_page_section_name=1000&federated_search_id=072e571c-3107-47cd-89a6-444d3cd1402c,Entire rental unit in Finsing,Feel-good holiday in the Zillertal,6,3,6,2,0,0,0,0,0,16008,64033
148,/rooms/22519124?adults=4&check_in=2022-07-14&check_out=2022-07-18&previous_page_section_name=1000&federated_search_id=072e571c-3107-47cd-89a6-444d3cd1402c,Private room in Schwaz,Alpine jewel Hundsbichler,6,2,4,1,1,1,1,5,3,15300,67800
149,/rooms/34104659?adults=4&check_in=2022-07-14&check_out=2022-07-18&previous_page_section_name=1000&federated_search_id=072e571c-3107-47cd-89a6-444d3cd1402c,Entire rental unit in Alpbach,cozy apartment directly at skiing area,5,2,2,1,1,1,1,5,3,17008,69683
150,/rooms/599094524482390021?adults=4&check_in=2022-07-14&check_out=2022-07-18&previous_page_section_name=1000&federated_search_id=072e571c-3107-47cd-89a6-444d3cd1402c,Entire home in Stumm,Idyllic apartment in Stumm with garden,10,3,6,2,1,0,0,0,0,21062,84249
151,/rooms/17925741?adults=4&check_in=2022-07-14&check_out=2022-07-18&previous_page_section_name=1000&federated_search_id=072e571c-3107-47cd-89a6-444d3cd1402c,Entire apartment in Stumm,Holiday apartment Höllwarth,8,3,5,2,1,1,1,4.93,15,36220,157259
152,/rooms/53246728?adults=4&check_in=2022-07-14&check_out=2022-07-18&previous_page_section_name=1000&federated_search_id=072e571c-3107-47cd-89a6-444d3cd1402c,Entire rental unit in Stumm,Ferienwohnung Andreas,4,1,3,1,1,1,1,0,0,16829,77217
153,/rooms/50298107?adults=4&check_in=2022-07-14&check_out=2022-07-18&previous_page_section_name=1000&federated_search_id=072e571c-3107-47cd-89a6-444d3cd1402c,Entire rental unit in Fügen,Second home,5,2,3,2,1,1,1,0,0,26364,115358
154,/rooms/9607200?adults=4&check_in=2022-07-14&check_out=2022-07-18&previous_page_section_name=1000&federated_search_id=072e571c-3107-47cd-89a6-444d3cd1402c,Entire rental unit in Finsing,Appartement Claudia,6,3,6,1,1,1,1,4.67,21,13358,58383
155,/rooms/48178361?adults=4&check_in=2022-07-14&check_out=2022-07-18&previous_page_section_name=1000&federated_search_id=072e571c-3107-47cd-89a6-444d3cd1402c,Entire home in Kleinboden,"holiday home Bergheim, Fügen",12,6,8,2,1,1,0,0,0,18022,72086
156,/rooms/37470285?adults=4&check_in=2022-07-14&check_out=2022-07-18&previous_page_section_name=1000&federated_search_id=072e571c-3107-47cd-89a6-444d3cd1402c,Entire rental unit in Schwaz,Montana Apartments Hochfügen,6,2,6,1,1,1,1,0,0,24673,103641
157,/rooms/48178363?adults=4&check_in=2022-07-14&check_out=2022-07-18&previous_page_section_name=1000&federated_search_id=072e571c-3107-47cd-89a6-444d3cd1402c,Entire home in Kleinboden,"holiday home Bergheim, Fügen",16,12,18,3,1,1,0,0,0,25399,101594
158,/rooms/19611501?adults=4&check_in=2022-07-14&check_out=2022-07-18&previous_page_section_name=1000&federated_search_id=072e571c-3107-47cd-89a6-444d3cd1402c,Entire home in Hippach-Schwendberg,"Chalet ""Alpenrose""",4,2,2,1.5,1,1,1,0,0,65917,263666
159,/rooms/19611956?adults=4&check_in=2022-07-14&check_out=2022-07-18&previous_page_section_name=1000&federated_search_id=072e571c-3107-47cd-89a6-444d3cd1402c,Entire home in Hippach-Schwendberg,"Chalet ""Erika""",4,2,2,1.5,1,1,1,0,0,71567,286266
160,/rooms/42394784?adults=4&check_in=2022-07-14&check_out=2022-07-18&previous_page_section_name=1000&federated_search_id=a4af668e-1f4f-4fe7-b2fe-1f47ec4c05ba,Entire villa in Fügen,Villa AM MARIENBERG,6,3,8,2,1,1,1,0,0,47666,207165
161,/rooms/19611663?adults=4&check_in=2022-07-14&check_out=2022-07-18&previous_page_section_name=1000&federated_search_id=a4af668e-1f4f-4fe7-b2fe-1f47ec4c05ba,Entire home in Schwaz,"Chalet ""Arnika""",4,2,2,2,1,1,1,0,0,65917,263666
162,/rooms/25927895?adults=4&check_in=2022-07-14&check_out=2022-07-18&previous_page_section_name=1000&federated_search_id=a4af668e-1f4f-4fe7-b2fe-1f47ec4c05ba,Private room in Fügenberg,a spacious family room for 2-6 people,6,2,3,2.5,0,0,0,0,0,32958,131832
163,/rooms/19611152?adults=4&check_in=2022-07-14&check_out=2022-07-18&previous_page_section_name=1000&federated_search_id=a4af668e-1f4f-4fe7-b2fe-1f47ec4c05ba,Entire home in Hippach-Schwendberg,"Chalet ""Steinquendel""",4,2,2,1,1,1,1,0,0,71567,286266
164,/rooms/8218521?adults=4&check_in=2022-07-14&check_out=2022-07-18&previous_page_section_name=1000&federated_search_id=a4af668e-1f4f-4fe7-b2fe-1f47ec4c05ba,Entire chalet in Alpbach,Family Chalet in Inner Alpbach,10,6,7,3.5,1,1,1,5,16,57082,244832
165,/rooms/53802421?adults=4&check_in=2022-07-14&check_out=2022-07-18&previous_page_section_name=1000&federated_search_id=a4af668e-1f4f-4fe7-b2fe-1f47ec4c05ba,Entire rental unit in Hart im Zillertal,Perfect Lodgings / Panorama 21,4,1,0,1,1,1,1,0,0,23332,101165
166,/rooms/25336963?adults=4&check_in=2022-07-14&check_out=2022-07-18&previous_page_section_name=1000&federated_search_id=a4af668e-1f4f-4fe7-b2fe-1f47ec4c05ba,Entire home in Kolsassberg,House Sonnenwinkel,8,3,7,1,1,1,1,5,5,15112,67047
167,/rooms/19611997?adults=4&check_in=2022-07-14&check_out=2022-07-18&previous_page_section_name=1000&federated_search_id=a4af668e-1f4f-4fe7-b2fe-1f47ec4c05ba,Entire home in Hippach-Schwendberg,"Chalet ""Silberdistel""",4,2,2,1,1,1,1,0,0,65917,263666
168,/rooms/26406879?adults=4&check_in=2022-07-14&check_out=2022-07-18&previous_page_section_name=1000&federated_search_id=a4af668e-1f4f-4fe7-b2fe-1f47ec4c05ba,Entire home in Fügen,Berghof Zillertal Hambergblick,6,2,5,1,1,1,1,0,0,30337,127124
169,/rooms/11251449?adults=4&check_in=2022-07-14&check_out=2022-07-18&previous_page_section_name=1000&federated_search_id=a4af668e-1f4f-4fe7-b2fe-1f47ec4c05ba,Entire chalet in Gemeinde Fügenberg,Montana Chalets Upgrade Zillertal,9,4,0,0,0,0,0,5,6,56937,240536
170,/rooms/26883943?adults=4&check_in=2022-07-14&check_out=2022-07-18&previous_page_section_name=1000&federated_search_id=a4af668e-1f4f-4fe7-b2fe-1f47ec4c05ba,Private room in Tux,wo Gastfreundschaft zu Hause ist,4,2,4,2.5,1,1,1,0,0,34045,140307
